[
  {
    "name": "ap",
    "category": "global",
    "script_path": "scrapers/ap.py",
    "description": "Scrapes tender details from the website and creates Excel files for each page. Creates an 'ap' folder in the current working directory.",
    "inputs": [
      {
        "name": "starting_page",
        "type": "int",
        "required": true,
        "default": 1,
        "description": "Page number to start scraping from. If tool fails to auto-navigate, user must manually go to that page and press Enter."
      },
      {
        "name": "user_name",
        "type": "string",
        "required": true,
        "description": "User to fill in the excel file."
      }
    ]
  },
  {
    "name": "apmerge",
    "category": "global",
    "script_path": "scrapers/apmerge.py",
    "description": "Merges Excel files generated by the 'ap' tool into a single file. Creates merged file in the 'ap' folder.",
    "inputs": []
  },
  {
    "name": "gem",
    "category": "gem",
    "valid_states" : [
    "ANDAMAN & NICOBAR",
    "ANDHRA PRADESH",
    "ARUNACHAL PRADESH",
    "ASSAM",
    "BIHAR",
    "CHANDIGARH",
    "CHHATTISGARH",
    "DADRA & NAGAR HAVELI",
    "DAMAN & DIU",
    "DELHI",
    "GOA",
    "GUJARAT",
    "HARYANA",
    "HIMACHAL PRADESH",
    "JAMMU & KASHMIR",
    "JHARKHAND",
    "KARNATAKA",
    "KERALA",
    "LAKSHADWEEP",
    "MADHYA PRADESH",
    "MAHARASHTRA",
    "MANIPUR",
    "MEGHALAYA",
    "MIZORAM",
    "NAGALAND",
    "ODISHA",
    "PUDUCHERRY",
    "PUNJAB",
    "RAJASTHAN",
    "SIKKIM",
    "TAMIL NADU",
    "TELANGANA",
    "TRIPURA",
    "UTTAR PRADESH",
    "UTTARAKHAND",
    "WEST BENGAL"
    ],
    "valid_cities" : {
    "ANDAMAN & NICOBAR": ["NICOBAR", "NORTH AND MIDDLE ANDAMAN", "SOUTH ANDAMAN"],
    "ANDHRA PRADESH": ["ANANTHAPUR", "CHITTOOR", "CUDDAPAH", "EAST GODAVARI", "GUNTUR", "KRISHNA", "KURNOOL", "NELLORE", "PRAKASAM", "SRIKAKULAM", "VISAKHAPATNAM", "VIZIANAGARAM", "WEST GODAVARI"],
    "ARUNACHAL PRADESH": ["CHANGLANG", "DIBANG VALLEY", "EAST KAMENG", "EAST SIANG", "KURUNG KUMEY", "LOHIT", "LOWER SUBANSIRI", "PAPUM PARE", "TAWANG", "TIRAP", "UPPER SIANG", "UPPER SUBANSIRI", "WEST KAMENG", "WEST SIANG"],
    "ASSAM": ["BARPETA", "BONGAIGAON", "CACHAR", "DARRANG", "DHEMAJI", "DHUBRI", "DIBRUGARH", "GOALPARA", "GOLAGHAT", "HAILAKANDI", "JORHAT", "KAMRUP", "KARBI ANGLONG", "KARIMGANJ", "KOKRAJHAR", "LAKHIMPUR", "MARIGAON", "NAGAON", "NALBARI", "NORTH CACHAR HILLS", "SIVASAGAR", "SONITPUR", "TINSUKIA"],
    "BIHAR": ["ARARIA", "ARWAL", "AURANGABAD", "BANKA", "BEGUSARAI", "BHAGALPUR", "BHOJPUR", "BUXAR", "DARBHANGA", "EAST CHAMPARAN", "GAYA", "GOPALGANJ", "JAMUI", "JEHANABAD", "KAIMUR (BHABUA)", "KATIHAR", "KHAGARIA", "KISHANGANJ", "LAKHISARAI", "MADHEPURA", "MADHUBANI", "MUNGER", "MUZAFFARPUR", "NALANDA", "NAWADA", "PATNA", "PURNIA", "ROHTAS", "SAHARSA", "SAMASTIPUR", "SARAN", "SHEIKHPURA", "SHEOHAR", "SITAMARHI", "SIWAN", "SUPAUL", "VAISHALI", "WEST CHAMPARAN"],
    "CHANDIGARH": ["CHANDIGARH"],
    "CHHATTISGARH": ["BASTAR", "BIJAPUR", "BILASPUR", "DANTEWADA", "DHAMTARI", "DURG", "JANJGIR-CHAMPA", "JASHPUR", "KANKER", "KAWARDHA", "KORBA", "KORIYA", "MAHASAMUND", "RAIGARH", "RAIPUR", "RAJNANDGAON", "SURGUJA"],
    "DADRA & NAGAR HAVELI": ["DADRA & NAGAR HAVELI"],
    "DAMAN & DIU": ["DAMAN", "DIU"],
    "DELHI": ["CENTRAL DELHI", "EAST DELHI", "NEW DELHI", "NORTH DELHI", "NORTH EAST DELHI", "NORTH WEST DELHI", "SHAHDARA", "SOUTH DELHI", "SOUTH EAST DELHI", "SOUTH WEST DELHI", "WEST DELHI"],
    "GOA": ["NORTH GOA", "SOUTH GOA"],
    "GUJARAT": ["AHMEDABAD", "AMRELI", "ANAND", "BANASKANTHA", "BHARUCH", "BHAVNAGAR", "DAHOD", "GANDHI NAGAR", "JAMNAGAR", "JUNAGADH", "KACHCHH", "KHEDA", "MAHESANA", "NARMADA", "NAVSARI", "PANCH MAHALS", "PATAN", "PORBANDAR", "RAJKOT", "SABARKANTHA", "SURAT", "SURENDRA NAGAR", "THE DANGS", "VADODARA", "VALSAD"],
    "HARYANA": ["AMBALA", "BHIWANI", "FARIDABAD", "FATEHABAD", "GURGAON", "HISAR", "JHAJJAR", "JIND", "KAITHAL", "KARNAL", "KURUKSHETRA", "MAHENDRAGARH", "PANCHKULA", "PANIPAT", "REWARI", "ROHTAK", "SIRSA", "SONIPAT", "YAMUNA NAGAR"],
    "HIMACHAL PRADESH": ["BILASPUR (HP)", "CHAMBA", "HAMIRPUR", "KANGRA", "KINNAUR", "KULLU", "LAHUL & SPITI", "MANDI", "SHIMLA", "SIRMAUR", "SOLAN", "UNA"],
    "JAMMU & KASHMIR": ["ANANTHNAG", "BANDIPUR", "BARAMULLA", "BUDGAM", "DODA", "JAMMU", "KARGIL", "KATHUA", "KUPWARA", "LEH", "POONCH", "PULWAMA", "RAJAURI", "SAMBA", "SRINAGAR", "UDHAMPUR"],
    "JHARKHAND": ["BOKARO", "CHATRA", "DEOGHAR", "DHANBAD", "DUMKA", "EAST SINGHBHUM", "GARHWA", "GIRIDH", "GODDA", "GUMLA", "HAZARIBAG", "JAMTARA", "KHUNTI", "KODERMA", "LATEHAR", "LOHARDAGA", "PAKUR", "PALAMAU", "RAMGARH", "RANCHI", "SAHIBGANJ", "SARAIKELA KHARSAWAN", "SIMDEGA", "WEST SINGHBHUM"],
    "KARNATAKA": ["BAGALKOT", "BANGALORE", "BANGALORE RURAL", "BELGAUM", "BELLARY", "BIDAR", "BIJAPUR", "CHAMRAJNAGAR", "CHICKMAGALUR", "CHIKKABALLAPUR", "CHITRADURGA", "DAKSHINA KANNADA", "DAVANGARE", "DHARWARD", "GADAG", "GULBARGA", "HASSAN", "HAVERI", "KODAGU", "KOLAR", "KOPPAL", "MANDYA", "MYSURU", "RAICHUR", "RAMANAGAR", "SHIMOGA", "TUMKUR", "UDUPI", "UTTARA KANNADA"],
    "KERALA": ["ALAPPUZHA", "ERNAKULAM", "IDUKKI", "KANNUR", "KASARGOD", "KOLLAM", "KOTTAYAM", "KOZHIKODE", "MALAPPURAM", "PALAKKAD", "PATHANAMTHITTA", "THIRUVANANTHAPURAM", "THRISSUR", "WAYANAD"],
    "LAKSHADWEEP": ["LAKSHADWEEP"],
    "MADHYA PRADESH": ["ANUPPUR", "ASHOKNAGAR", "BALAGHAT", "BARWANI", "BETUL", "BHIND", "BHOPAL", "CHHATARPUR", "CHHINDWARA", "DAMOH", "DATIA", "DEWAS", "DHAR", "DINDORI", "GUNA", "HARDa", "HOSHANGABAD", "INDORE", "JABALPUR", "KATNI", "MANDLA", "MANDSAUR", "MORENA", "NARMADAPURAM", "NEEMUCH", "PANCHMADHI", "RAISEN", "RAJGARH", "RATLAM", "REWA", "SAGAR", "SATNA", "SEHORE", "SHIVPURI", "SIDHI", "TIKAMGARH", "UMARIA", "VIDISHA"],
    "MAHARASHTRA": ["AHMADNAGAR", "AKOLA", "AMRAVATI", "AURANGABAD", "BANDRA", "BEED", "BULDHANA", "CHANDRAPUR", "DHULE", "GADCHIROLI", "GONDIA", "HINGOLI", "JALNA", "JALGAON", "KOLHAPUR", "LATUR", "NANDURBAR", "NASHIK", "OSMANABAD", "PARBHANI", "PUNE", "RAIGAD", "RATNAGIRI", "SANGLI", "SATARA", "SINDHUDURG", "SOLAPUR", "THANE", "WASHIM", "YAVATMAL"],
    "MANIPUR": ["BISHNUPUR", "CHURACHANDPUR", "CHAMPHAI", "IMPHAL EAST", "IMPHAL WEST", "JIRIBAM", "KANGPOKPI", "KAKCHING", "NONEY", "PHEK", "SENAPATI", "TAMENGLONG", "THOUBAL", "UKHRUL"],
    "MEGHALAYA": ["EAST GARO HILLS", "EAST KHASI HILLS", "NORTH GARO HILLS", "RIBHOI", "SOUTH GARO HILLS", "SOUTH KHASI HILLS", "WEST GARO HILLS", "WEST KHASI HILLS"],
    "MIZORAM": ["AIZAWL", "CHAMPHAI", "KHAWZAWL", "LUNGLEI", "MAMIT", "SAIHA", "SIAHA", "THANHLUN"],
    "NAGALAND": ["DIMAPUR", "KIPHIRE", "MOKOKCHUNG", "MON", "PHEK", "TUENSANG", "WOKHA", "ZUNHEBOTO"],
    "ODISHA": ["ANGUL", "BALASORE", "BARGARH", "BHADRAK", "BOLANGIR", "DEOGARH", "Dhenkanal", "Ganjam", "Ganjam", "Kandhamal", "Kendrapara", "Kendujhar", "Khurda", "Malkangiri", "Nabarangpur", "Nayagarh", "Nuapada", "Rayagada", "Sambalpur", "Sonepur", "Jagatsinghpur", "Jharsuguda", "Kandhamal", "Mayurbhanj"],
    "PUDUCHERRY": ["PUDUCHERRY"],
    "PUNJAB": ["AMRITSAR", "BARNALA", "BATALA", "FATEHGARH SAHIB", "FARIDKOT", "GURDASPUR", "HOSHIARPUR", "JALANDHAR", "KAPURTHALA", "LUDHIANA", "MANSA", "MOGA", "PATHANKOT", "PATIALA", "RUPNAGAR", "SANGRUR", "SAS NAGAR", "TARN TARAN"],
    "RAJASTHAN": ["AJMER", "ALWAR", "BANSWARA", "BARAN", "BARMER", "BHARATPUR", "BHILWARA", "BIKANER", "CHITTORGARH", "CHURU", "DHAULPUR", "DUNGARPUR", "GANGANAGAR", "JAIL", "JAISALMER", "JAIPUR", "JODHPUR", "KARAULI", "KOTA", "NAGAUR", "PALI", "RAJSAMAND", "SAWAI MADHOPUR", "SIKAR", "TONK", "UDAIPUR"],
    "SIKKIM": ["EAST SIKKIM", "NORTH SIKKIM", "SOUTH SIKKIM", "WEST SIKKIM"],
    "TAMIL NADU": ["ARIYALUR", "CHENNAI", "CHENNAI (TOWN)", "COIMBATORE", "CUDDALORE", "DINDIGUL", "ERODE", "KANCHEEPURAM", "KARUR", "MADURAI", "NAGAPATTINAM", "NAMAKKAL", "PERAMBALUR", "PUDUKOTTAI", "RAMANATHAPURAM", "SALEM", "SIVAGANGA", "TIRUCHIRAPALLI", "TIRUNELVELI", "VILLUPURAM", "VIRUDHUNAGAR"],
    "TELANGANA": ["ADILABAD", "HYDERABAD", "KHAMMAM", "MAHABUBNAGAR", "MEDAK", "NALGONDA", "NALGONDA", "NIZAMABAD", "RANGAREDDY", "WARANGAL"],
    "TRIPURA": ["AGARTALA", "DHALAI", "GOMATI", "KHOWAI", "NORTH TRIPURA", "SOUTH TRIPURA", "UNAKOTI"],
    "UTTAR PRADESH": ["AGRA", "ALIGARH", "ALLAHABAD", "AMBEDKAR NAGAR", "AMROHA", "AURAIYA", "BAHRAICH", "BANDA", "BULANDSHAHR", "CHANDAULI", "CHHATARPUR", "DEORIA", "ETAH", "ETAWAH", "FARRUKHABAD", "FATEHPUR", "GHAZIPUR", "GHAZIABAD", "GORAKHPUR", "HAMIRPUR", "HAPUR", "HARDOI", "JALAUN", "JHANSI", "KANNAUJ", "KASGANJ", "KAUSHAMBI", "KUSHINAGAR", "LUCKNOW", "MAIHAR", "MAU", "MEERUT", "MIRZAPUR", "MORADABAD", "MUZAFFARNAGAR", "PILIBHIT", "RAE BARELI", "RAMPUR", "SAHARANPUR", "SANT RAVIDAS NAGAR", "SHAMLI", "SHRAWASTI", "SITAPUR", "SONBHADRA", "SULTANPUR", "UNNAO", "VARANASI", "VAISHALI", "YAJMAAN"],
    "UTTARAKHAND": ["ALMORA", "BAGESHWER", "CHAMOLI", "CHAMPAWAT", "DEHRA DUN", "HARIDWAR", "NANITAL", "PITHORAGARH", "RUHAT", "TEHRI GARHWAL", "UTTARKASHI"],
    "WEST BENGAL": ["ALIPURDUAR", "BANKURA", "BARDHAMAN", "BIRBHUM", "DARBHANGA", "DEBAGRAM", "DINAJPUR", "HOOGHLY", "HOWRAH", "JALPAIGURI", "JHARGRAM", "KALIMPONG", "KOLKATA", "MALDAH", "MURSHIDABAD", "NADIA", "NORTH 24 PARGANAS", "PURBA BARDHAMAN", "PURBA MEDINIPUR", "SOUTH 24 PARGANAS", "PASCHIM BARDHAMAN", "PASCHIM MEDINIPUR", "BANKURA"]
    },

    "script_path": "scrapers/gem.py",
    "description": "Scrapes data from the GEM website and generates Excel files for each page. Creates 'gem/scrapedfiles' directory structure.",
    "inputs": [
      {
        "name": "startingpage",
        "type": "int",
        "required": true,
        "description": "Page number to start scraping from."
      },
      {
        "name": "totalpages",
        "type": "int",
        "required": true,
        "description": "Total number of pages to scrape."
      },
      {
        "name": "username",
        "type": "string",
        "required": true,
        "description": "User's name to include in the output data."
      },
      {
        "name": "state_index",
        "type": "int",
        "required": true,
        "description": "Index number of the selected state from the displayed list."
      },
      {
        "name": "city_input",
        "type": "string",
        "required": false,
        "description": "City name input (optional). Leave blank to skip city filtering."
      },
      {
        "name": "days_interval",
        "type": "int",
        "required": false,
        "description": "How many day's data you wnat to scrape."
      }
    ]
  },
  {
    "name": "gmerge",
    "category": "gem",
    "script_path": "scrapers/gmerge.py",
    "description": "Merges all Excel files generated by the 'gem' tool into a single file.",
    "inputs": [
      {
        "name": "statename",
        "type": "string",
        "required": true,
        "description": "Name of the state for which files should be merged."
      }
    ]
  },
  {
    "name": "ts",
    "category": "global",
    "script_path": "scrapers/ts.py",
    "description": "Scrapes data from the Telangana state website and generates Excel files for each page. If the tool fails to navigate to the desired page, user must go manually and press Enter.",
    "inputs": [
      {
        "name": "starting_page",
        "type": "int",
        "required": true,
        "description": "Page number to start scraping from. Manual navigation fallback available."
      },
      {
        "name": "user_name",
        "type": "string",
        "required": true,
        "description": "User name to fill the excel file."
      }
    ]
  },
  {
    "name": "tsmerge",
    "category": "global",
    "script_path": "scrapers/tsmerge.py",
    "description": "Merges all Excel files generated by the 'ts' tool into a single file.",
    "inputs": []
  },
  {
    "name": "kpp",
    "category": "global",
    "script_path": "scrapers/kpp.py",
    "description": "Scrapes data from the KPP website and generates Excel files for each page.",
    "inputs": [
      {
        "name": "section",
        "type": "string",
        "required": true,
        "description": "Section name to scrape data from (e.g., Goods, Works, Services)."
      },
      {
        "name": "gtotal",
        "type": "int",
        "required": true,
        "description": "Total number of pages for Goods section."
      },
      {
        "name": "wtotal",
        "type": "int",
        "required": true,
        "description": "Total number of pages for Works section."
      },
      {
        "name": "stotal",
        "type": "int",
        "required": true,
        "description": "Total number of pages for Services section."
      }
    ]
  },
  {
    "name": "kmerge",
    "category": "global",
    "script_path": "scrapers/kmerge.py",
    "description": "Merges all Excel files generated by the 'kpp' tool.",
    "inputs": [
      {
        "name": "section",
        "type": "string",
        "required": false,
        "description": "Section to merge (optional). Leave blank to merge all sections."
      }
    ]
  },
  {
    "name": "eprocurement",
    "category": "eprocurement",
    "icon": "shopping-cart",
    "script_path": "scrapers/search.py",
    "description": "Scrapes data from the E-Procurement website and generates Excel files for each page.",
    "inputs": [
      {
        "name": "base_url",
        "type": "string",
        "required": true,
        "description": "Base URL for scraping"
      },
      {
        "name": "tender_type",
        "type": "string",
        "required": true,
        "description": "Tender type (O/L)"
      },
      {
        "name": "days_interval",
        "type": "int",
        "required": true,
        "description": "How many days back to scrape"
      },
      {
        "name": "start_page",
        "type": "int",
        "required": true,
        "description": "Starting page number"
      }
    ]
  }
]